SR,Calling_Number,Called_Number,Date,Time,Duration_sec,Call_Type,Caller_IMEI,Caller_IMSI,Caller_Operator,Tower_ID,Tower_Location,Tower_Latitude,Tower_Longitude
1,6347167962,9418057283,2024-06-02,05:25:07,373,Voice,196957950750466,404709617954646,Vi,KA-HUB-01,Hubballi Old Town,15.3647,75.124
2,6219017283,7416618862,2024-06-03,04:20:47,0,SMS,110577301591254,404300369996181,Airtel,KA-BLR-01,Bengaluru Koramangala,12.9352,77.6245
3,9270943934,7416618862,2024-06-03,09:31:35,0,SMS,475805635108458,404100333937316,Airtel,KA-MYS-01,Mysuru Chamundipuram,12.3051,76.6552
4,7951412931,7390191020,2024-06-03,10:22:33,107,Voice,691211069254519,404705111757692,Vi,KA-BLR-02,Bengaluru Whitefield,12.9698,77.7499
5,6347167962,7951412931,2024-06-04,08:21:15,2593,Data,196957950750466,404709617954646,Vi,KA-BLR-02,Bengaluru Whitefield,12.9698,77.7499
6,6362282240,7416618862,2024-06-04,23:14:15,131,Voice,768615853100468,404207798954381,Airtel,KA-MYS-01,Mysuru Chamundipuram,12.3051,76.6552
7,6219017283,8296683265,2024-06-04,23:37:32,3429,Data,110577301591254,404300369996181,Airtel,KA-BLR-02,Bengaluru Whitefield,12.9698,77.7499
8,7951412931,6105385779,2024-06-05,12:27:18,0,SMS,691211069254519,404705111757692,Vi,KA-MYS-01,Mysuru Chamundipuram,12.3051,76.6552
9,6219017283,6105385779,2024-06-05,16:37:37,3320,Data,110577301591254,404300369996181,Airtel,KA-MYS-01,Mysuru Chamundipuram,12.3051,76.6552
10,6362282240,6219017283,2024-06-07,05:59:52,145,Voice,768615853100468,404207798954381,Airtel,KA-MYS-01,Mysuru Chamundipuram,12.3051,76.6552
11,6362282240,6347167962,2024-06-07,21:36:16,0,SMS,768615853100468,404207798954381,Airtel,KA-BLR-02,Bengaluru Whitefield,12.9698,77.7499
12,6347167962,8296683265,2024-06-08,22:49:56,307,Voice,196957950750466,404709617954646,Vi,KA-HUB-01,Hubballi Old Town,15.3647,75.124
13,7951412931,9418057283,2024-06-09,16:27:51,0,SMS,691211069254519,404705111757692,Vi,KA-BLR-02,Bengaluru Whitefield,12.9698,77.7499
14,6347167962,9418057283,2024-06-10,14:33:01,0,SMS,196957950750466,404709617954646,Vi,KA-BLR-02,Bengaluru Whitefield,12.9698,77.7499
15,9270943934,6105385779,2024-06-10,22:34:23,0,SMS,475805635108458,404100333937316,Airtel,KA-BLR-01,Bengaluru Koramangala,12.9352,77.6245
16,6347167962,9270943934,2024-06-11,03:32:16,0,SMS,196957950750466,404709617954646,Vi,KA-BLR-01,Bengaluru Koramangala,12.9352,77.6245
17,6362282240,7416618862,2024-06-11,11:12:44,0,SMS,768615853100468,404207798954381,Airtel,KA-MYS-01,Mysuru Chamundipuram,12.3051,76.6552
18,7390191020,6347167962,2024-06-11,15:14:22,293,Voice,329613360780440,404308921062712,BSNL,KA-MYS-01,Mysuru Chamundipuram,12.3051,76.6552
19,9270943934,7416618862,2024-06-12,09:25:02,892,Voice,475805635108458,404100333937316,Airtel,KA-BLR-02,Bengaluru Whitefield,12.9698,77.7499
20,6219017283,8296683265,2024-06-12,16:17:51,708,Voice,110577301591254,404300369996181,Airtel,KA-BLR-02,Bengaluru Whitefield,12.9698,77.7499
21,6347167962,9270943934,2024-06-14,00:43:17,0,SMS,196957950750466,404709617954646,Vi,KA-MYS-01,Mysuru Chamundipuram,12.3051,76.6552
22,7951412931,8296683265,2024-06-14,11:21:28,421,Data,691211069254519,404705111757692,Vi,KA-HUB-01,Hubballi Old Town,15.3647,75.124
23,7951412931,9713477023,2024-06-14,22:28:38,0,SMS,691211069254519,404705111757692,Vi,KA-BLR-01,Bengaluru Koramangala,12.9352,77.6245
24,6347167962,6362282240,2024-06-15,14:10:35,2655,Data,196957950750466,404709617954646,Vi,KA-BLR-01,Bengaluru Koramangala,12.9352,77.6245
25,6219017283,7390191020,2024-06-16,02:45:20,0,SMS,110577301591254,404300369996181,Airtel,KA-HUB-01,Hubballi Old Town,15.3647,75.124
26,9270943934,8880249092,2024-06-16,04:46:48,0,SMS,475805635108458,404100333937316,Airtel,KA-MYS-01,Mysuru Chamundipuram,12.3051,76.6552
27,9270943934,6347167962,2024-06-16,06:22:15,0,SMS,475805635108458,404100333937316,Airtel,KA-HUB-01,Hubballi Old Town,15.3647,75.124
28,6347167962,8296683265,2024-06-16,16:03:02,1326,Data,196957950750466,404709617954646,Vi,KA-MYS-01,Mysuru Chamundipuram,12.3051,76.6552
29,6347167962,7416618862,2024-06-17,23:28:34,0,SMS,196957950750466,404709617954646,Vi,KA-BLR-02,Bengaluru Whitefield,12.9698,77.7499
30,7951412931,9418057283,2024-06-18,20:46:09,581,Voice,691211069254519,404705111757692,Vi,KA-BLR-01,Bengaluru Koramangala,12.9352,77.6245
31,9270943934,9713477023,2024-06-19,09:09:09,202,Voice,475805635108458,404100333937316,Airtel,KA-BLR-02,Bengaluru Whitefield,12.9698,77.7499
32,6362282240,9418057283,2024-06-19,14:30:21,633,Voice,768615853100468,404207798954381,Airtel,KA-MYS-01,Mysuru Chamundipuram,12.3051,76.6552
33,9270943934,6219017283,2024-06-20,06:04:27,842,Voice,475805635108458,404100333937316,Airtel,KA-HUB-01,Hubballi Old Town,15.3647,75.124
34,6347167962,7951412931,2024-06-20,08:52:20,3121,Data,196957950750466,404709617954646,Vi,KA-BLR-02,Bengaluru Whitefield,12.9698,77.7499
35,7390191020,8880249092,2024-06-20,09:21:40,0,SMS,329613360780440,404308921062712,BSNL,KA-BLR-02,Bengaluru Whitefield,12.9698,77.7499
36,6362282240,8880249092,2024-06-21,10:38:15,177,Voice,768615853100468,404207798954381,Airtel,KA-BLR-01,Bengaluru Koramangala,12.9352,77.6245
37,7951412931,6347167962,2024-06-21,13:55:11,581,Voice,691211069254519,404705111757692,Vi,KA-MYS-01,Mysuru Chamundipuram,12.3051,76.6552
38,6219017283,9270943934,2024-06-22,04:51:54,985,Data,110577301591254,404300369996181,Airtel,KA-BLR-02,Bengaluru Whitefield,12.9698,77.7499
39,6219017283,8296683265,2024-06-23,02:40:43,230,Voice,110577301591254,404300369996181,Airtel,KA-HUB-01,Hubballi Old Town,15.3647,75.124
40,6362282240,6347167962,2024-06-23,07:20:53,439,Voice,768615853100468,404207798954381,Airtel,KA-HUB-01,Hubballi Old Town,15.3647,75.124
41,6219017283,9418057283,2024-06-24,03:41:14,0,SMS,110577301591254,404300369996181,Airtel,KA-BLR-02,Bengaluru Whitefield,12.9698,77.7499
42,7951412931,9270943934,2024-06-24,03:47:07,2962,Data,691211069254519,404705111757692,Vi,KA-BLR-01,Bengaluru Koramangala,12.9352,77.6245
43,6347167962,8880249092,2024-06-24,10:35:39,436,Voice,196957950750466,404709617954646,Vi,KA-HUB-01,Hubballi Old Town,15.3647,75.124
44,6362282240,8880249092,2024-06-25,01:55:16,0,SMS,768615853100468,404207798954381,Airtel,KA-BLR-01,Bengaluru Koramangala,12.9352,77.6245
45,6347167962,7951412931,2024-06-25,18:31:16,82,Voice,196957950750466,404709617954646,Vi,KA-MYS-01,Mysuru Chamundipuram,12.3051,76.6552
46,6347167962,7416618862,2024-06-26,05:43:16,692,Voice,196957950750466,404709617954646,Vi,KA-MYS-01,Mysuru Chamundipuram,12.3051,76.6552
47,7390191020,6105385779,2024-06-26,17:42:11,153,Data,329613360780440,404308921062712,BSNL,KA-BLR-02,Bengaluru Whitefield,12.9698,77.7499
48,6219017283,7390191020,2024-06-27,07:32:06,707,Voice,110577301591254,404300369996181,Airtel,KA-MYS-01,Mysuru Chamundipuram,12.3051,76.6552
49,6219017283,9713477023,2024-06-27,13:32:35,518,Voice,110577301591254,404300369996181,Airtel,KA-MYS-01,Mysuru Chamundipuram,12.3051,76.6552
50,6347167962,7951412931,2024-06-27,22:15:53,530,Voice,196957950750466,404709617954646,Vi,KA-HUB-01,Hubballi Old Town,15.3647,75.124
51,6219017283,9418057283,2024-06-29,11:43:06,521,Data,110577301591254,404300369996181,Airtel,KA-BLR-02,Bengaluru Whitefield,12.9698,77.7499
52,9270943934,8880249092,2024-06-29,17:26:00,713,Data,475805635108458,404100333937316,Airtel,KA-MYS-01,Mysuru Chamundipuram,12.3051,76.6552
53,7951412931,6347167962,2024-06-30,11:52:20,343,Voice,691211069254519,404705111757692,Vi,KA-MYS-01,Mysuru Chamundipuram,12.3051,76.6552
54,9270943934,6347167962,2024-07-01,21:31:56,70,Voice,475805635108458,404100333937316,Airtel,KA-BLR-01,Bengaluru Koramangala,12.9352,77.6245
55,7951412931,8296683265,2024-07-02,15:21:34,562,Voice,691211069254519,404705111757692,Vi,KA-HUB-01,Hubballi Old Town,15.3647,75.124
56,6347167962,9418057283,2024-07-03,00:24:42,0,SMS,196957950750466,404709617954646,Vi,KA-HUB-01,Hubballi Old Town,15.3647,75.124
57,6362282240,7416618862,2024-07-03,04:14:15,344,Voice,768615853100468,404207798954381,Airtel,KA-BLR-02,Bengaluru Whitefield,12.9698,77.7499
58,6347167962,6105385779,2024-07-03,17:59:36,0,SMS,196957950750466,404709617954646,Vi,KA-HUB-01,Hubballi Old Town,15.3647,75.124
59,9270943934,8296683265,2024-07-04,22:08:50,0,SMS,475805635108458,404100333937316,Airtel,KA-MYS-01,Mysuru Chamundipuram,12.3051,76.6552
60,7390191020,9270943934,2024-07-05,13:06:22,0,SMS,329613360780440,404308921062712,BSNL,KA-HUB-01,Hubballi Old Town,15.3647,75.124
61,9270943934,8296683265,2024-07-06,00:31:45,0,SMS,475805635108458,404100333937316,Airtel,KA-MYS-01,Mysuru Chamundipuram,12.3051,76.6552
62,7390191020,7416618862,2024-07-07,00:37:20,814,Voice,329613360780440,404308921062712,BSNL,KA-BLR-01,Bengaluru Koramangala,12.9352,77.6245
63,6362282240,6347167962,2024-07-07,00:48:53,168,Voice,768615853100468,404207798954381,Airtel,KA-MYS-01,Mysuru Chamundipuram,12.3051,76.6552
64,7390191020,6362282240,2024-07-07,09:19:36,0,SMS,329613360780440,404308921062712,BSNL,KA-BLR-02,Bengaluru Whitefield,12.9698,77.7499
65,6219017283,6105385779,2024-07-07,13:46:02,3574,Data,110577301591254,404300369996181,Airtel,KA-MYS-01,Mysuru Chamundipuram,12.3051,76.6552
66,6362282240,6105385779,2024-07-07,14:13:12,0,SMS,768615853100468,404207798954381,Airtel,KA-MYS-01,Mysuru Chamundipuram,12.3051,76.6552
67,6219017283,9713477023,2024-07-07,22:14:31,1855,Data,110577301591254,404300369996181,Airtel,KA-BLR-01,Bengaluru Koramangala,12.9352,77.6245
68,6362282240,7416618862,2024-07-08,09:23:54,2253,Data,768615853100468,404207798954381,Airtel,KA-MYS-01,Mysuru Chamundipuram,12.3051,76.6552
69,6219017283,6347167962,2024-07-08,21:40:31,0,SMS,110577301591254,404300369996181,Airtel,KA-BLR-01,Bengaluru Koramangala,12.9352,77.6245
70,6347167962,6105385779,2024-07-09,06:05:50,764,Voice,196957950750466,404709617954646,Vi,KA-MYS-01,Mysuru Chamundipuram,12.3051,76.6552
71,7951412931,6347167962,2024-07-09,11:21:34,0,SMS,691211069254519,404705111757692,Vi,KA-BLR-01,Bengaluru Koramangala,12.9352,77.6245
72,7390191020,6219017283,2024-07-11,08:18:49,872,Voice,329613360780440,404308921062712,BSNL,KA-HUB-01,Hubballi Old Town,15.3647,75.124
73,6362282240,6219017283,2024-07-14,15:09:33,1751,Data,768615853100468,404207798954381,Airtel,KA-BLR-01,Bengaluru Koramangala,12.9352,77.6245
74,6362282240,6105385779,2024-07-15,01:28:45,0,SMS,768615853100468,404207798954381,Airtel,KA-BLR-01,Bengaluru Koramangala,12.9352,77.6245
75,6347167962,7390191020,2024-07-15,08:29:52,3099,Data,196957950750466,404709617954646,Vi,KA-MYS-01,Mysuru Chamundipuram,12.3051,76.6552
76,6219017283,7390191020,2024-07-16,14:22:58,0,SMS,110577301591254,404300369996181,Airtel,KA-BLR-01,Bengaluru Koramangala,12.9352,77.6245
77,7951412931,7416618862,2024-07-17,11:22:00,0,SMS,691211069254519,404705111757692,Vi,KA-HUB-01,Hubballi Old Town,15.3647,75.124
78,6219017283,6362282240,2024-07-18,17:53:48,573,Voice,110577301591254,404300369996181,Airtel,KA-BLR-02,Bengaluru Whitefield,12.9698,77.7499
79,6362282240,7951412931,2024-07-18,18:20:52,3062,Data,768615853100468,404207798954381,Airtel,KA-MYS-01,Mysuru Chamundipuram,12.3051,76.6552
80,6219017283,7951412931,2024-07-19,08:37:01,1275,Data,110577301591254,404300369996181,Airtel,KA-BLR-01,Bengaluru Koramangala,12.9352,77.6245
81,9270943934,6105385779,2024-07-20,01:35:11,49,Voice,475805635108458,404100333937316,Airtel,KA-HUB-01,Hubballi Old Town,15.3647,75.124
82,6219017283,7390191020,2024-07-20,09:53:10,2068,Data,110577301591254,404300369996181,Airtel,KA-MYS-01,Mysuru Chamundipuram,12.3051,76.6552
83,7951412931,6219017283,2024-07-21,03:04:36,331,Voice,691211069254519,404705111757692,Vi,KA-MYS-01,Mysuru Chamundipuram,12.3051,76.6552
84,9270943934,9418057283,2024-07-21,17:31:29,2871,Data,475805635108458,404100333937316,Airtel,KA-BLR-02,Bengaluru Whitefield,12.9698,77.7499
85,6219017283,7390191020,2024-07-21,18:45:50,421,Voice,110577301591254,404300369996181,Airtel,KA-BLR-01,Bengaluru Koramangala,12.9352,77.6245
86,6347167962,7390191020,2024-07-22,00:52:39,249,Voice,196957950750466,404709617954646,Vi,KA-MYS-01,Mysuru Chamundipuram,12.3051,76.6552
87,9270943934,7390191020,2024-07-24,08:46:14,744,Voice,475805635108458,404100333937316,Airtel,KA-MYS-01,Mysuru Chamundipuram,12.3051,76.6552
88,7390191020,9418057283,2024-07-24,22:33:34,349,Voice,329613360780440,404308921062712,BSNL,KA-MYS-01,Mysuru Chamundipuram,12.3051,76.6552
89,9270943934,6347167962,2024-07-25,00:43:20,870,Voice,475805635108458,404100333937316,Airtel,KA-MYS-01,Mysuru Chamundipuram,12.3051,76.6552
90,7951412931,6362282240,2024-07-25,02:56:05,477,Voice,691211069254519,404705111757692,Vi,KA-BLR-02,Bengaluru Whitefield,12.9698,77.7499
91,9270943934,6362282240,2024-07-25,07:34:44,704,Voice,475805635108458,404100333937316,Airtel,KA-MYS-01,Mysuru Chamundipuram,12.3051,76.6552
92,7951412931,8296683265,2024-07-25,11:52:42,781,Data,691211069254519,404705111757692,Vi,KA-BLR-02,Bengaluru Whitefield,12.9698,77.7499
93,7390191020,8296683265,2024-07-27,00:38:56,0,SMS,329613360780440,404308921062712,BSNL,KA-BLR-01,Bengaluru Koramangala,12.9352,77.6245
94,6219017283,7951412931,2024-07-28,17:27:19,0,SMS,110577301591254,404300369996181,Airtel,KA-HUB-01,Hubballi Old Town,15.3647,75.124
95,6362282240,9713477023,2024-07-28,21:04:14,882,Voice,768615853100468,404207798954381,Airtel,KA-BLR-01,Bengaluru Koramangala,12.9352,77.6245
96,7951412931,7390191020,2024-07-29,07:03:02,863,Voice,691211069254519,404705111757692,Vi,KA-HUB-01,Hubballi Old Town,15.3647,75.124
97,7390191020,8296683265,2024-07-29,18:46:04,727,Voice,329613360780440,404308921062712,BSNL,KA-BLR-01,Bengaluru Koramangala,12.9352,77.6245
98,6219017283,7416618862,2024-07-29,19:48:28,0,SMS,110577301591254,404300369996181,Airtel,KA-MYS-01,Mysuru Chamundipuram,12.3051,76.6552
99,9270943934,6362282240,2024-07-30,07:52:20,0,SMS,475805635108458,404100333937316,Airtel,KA-BLR-01,Bengaluru Koramangala,12.9352,77.6245
100,9270943934,6105385779,2024-07-30,18:13:38,0,SMS,475805635108458,404100333937316,Airtel,KA-HUB-01,Hubballi Old Town,15.3647,75.124
101,6347167962,7416618862,2024-07-31,11:38:13,36,Voice,196957950750466,404709617954646,Vi,KA-HUB-01,Hubballi Old Town,15.3647,75.124
102,6347167962,9270943934,2024-08-01,16:03:15,0,SMS,196957950750466,404709617954646,Vi,KA-BLR-02,Bengaluru Whitefield,12.9698,77.7499
103,6347167962,8880249092,2024-08-03,05:24:20,0,SMS,196957950750466,404709617954646,Vi,KA-BLR-01,Bengaluru Koramangala,12.9352,77.6245
104,6362282240,6347167962,2024-08-03,15:12:52,0,SMS,768615853100468,404207798954381,Airtel,KA-MYS-01,Mysuru Chamundipuram,12.3051,76.6552
105,6347167962,9713477023,2024-08-05,17:19:35,195,Voice,196957950750466,404709617954646,Vi,KA-BLR-01,Bengaluru Koramangala,12.9352,77.6245
106,6347167962,7951412931,2024-08-05,21:00:38,0,SMS,196957950750466,404709617954646,Vi,KA-MYS-01,Mysuru Chamundipuram,12.3051,76.6552
107,9270943934,7390191020,2024-08-06,13:36:39,0,SMS,475805635108458,404100333937316,Airtel,KA-BLR-02,Bengaluru Whitefield,12.9698,77.7499
108,7951412931,6347167962,2024-08-06,17:10:08,573,Data,691211069254519,404705111757692,Vi,KA-BLR-01,Bengaluru Koramangala,12.9352,77.6245
109,6219017283,9713477023,2024-08-07,10:52:53,949,Data,110577301591254,404300369996181,Airtel,KA-HUB-01,Hubballi Old Town,15.3647,75.124
110,7390191020,6105385779,2024-08-07,23:50:21,0,SMS,329613360780440,404308921062712,BSNL,KA-BLR-01,Bengaluru Koramangala,12.9352,77.6245
111,9270943934,6362282240,2024-08-08,00:24:10,549,Voice,475805635108458,404100333937316,Airtel,KA-HUB-01,Hubballi Old Town,15.3647,75.124
112,9270943934,6362282240,2024-08-08,05:37:14,1357,Data,475805635108458,404100333937316,Airtel,KA-BLR-01,Bengaluru Koramangala,12.9352,77.6245
113,7951412931,8880249092,2024-08-08,18:18:49,574,Voice,691211069254519,404705111757692,Vi,KA-BLR-02,Bengaluru Whitefield,12.9698,77.7499
114,7390191020,6362282240,2024-08-09,14:51:47,631,Voice,329613360780440,404308921062712,BSNL,KA-MYS-01,Mysuru Chamundipuram,12.3051,76.6552
115,9270943934,6362282240,2024-08-09,14:58:31,416,Voice,475805635108458,404100333937316,Airtel,KA-BLR-02,Bengaluru Whitefield,12.9698,77.7499
116,9270943934,7390191020,2024-08-09,18:36:14,0,SMS,475805635108458,404100333937316,Airtel,KA-BLR-01,Bengaluru Koramangala,12.9352,77.6245
117,6347167962,9270943934,2024-08-10,13:32:33,10,Voice,196957950750466,404709617954646,Vi,KA-MYS-01,Mysuru Chamundipuram,12.3051,76.6552
118,6362282240,9418057283,2024-08-10,14:53:10,0,SMS,768615853100468,404207798954381,Airtel,KA-MYS-01,Mysuru Chamundipuram,12.3051,76.6552
119,6362282240,6219017283,2024-08-10,16:13:49,0,SMS,768615853100468,404207798954381,Airtel,KA-BLR-01,Bengaluru Koramangala,12.9352,77.6245
120,6362282240,9270943934,2024-08-10,17:40:15,507,Voice,768615853100468,404207798954381,Airtel,KA-BLR-02,Bengaluru Whitefield,12.9698,77.7499
121,7951412931,6362282240,2024-08-12,01:12:48,771,Voice,691211069254519,404705111757692,Vi,KA-HUB-01,Hubballi Old Town,15.3647,75.124
122,6347167962,9713477023,2024-08-12,06:49:47,1503,Data,196957950750466,404709617954646,Vi,KA-BLR-01,Bengaluru Koramangala,12.9352,77.6245
123,7951412931,6105385779,2024-08-13,18:22:06,1636,Data,691211069254519,404705111757692,Vi,KA-BLR-02,Bengaluru Whitefield,12.9698,77.7499
124,6362282240,8880249092,2024-08-13,22:58:21,446,Voice,768615853100468,404207798954381,Airtel,KA-MYS-01,Mysuru Chamundipuram,12.3051,76.6552
125,9270943934,7390191020,2024-08-14,01:30:55,809,Voice,475805635108458,404100333937316,Airtel,KA-BLR-02,Bengaluru Whitefield,12.9698,77.7499
126,6347167962,7390191020,2024-08-15,00:29:22,530,Voice,196957950750466,404709617954646,Vi,KA-BLR-01,Bengaluru Koramangala,12.9352,77.6245
127,9270943934,7390191020,2024-08-15,14:57:24,853,Voice,475805635108458,404100333937316,Airtel,KA-BLR-01,Bengaluru Koramangala,12.9352,77.6245
128,6219017283,8296683265,2024-08-15,23:30:33,775,Voice,110577301591254,404300369996181,Airtel,KA-BLR-02,Bengaluru Whitefield,12.9698,77.7499
129,9270943934,7390191020,2024-08-16,01:49:59,220,Voice,475805635108458,404100333937316,Airtel,KA-BLR-02,Bengaluru Whitefield,12.9698,77.7499
130,7951412931,8296683265,2024-08-17,06:28:44,704,Voice,691211069254519,404705111757692,Vi,KA-MYS-01,Mysuru Chamundipuram,12.3051,76.6552
131,6219017283,6347167962,2024-08-18,09:23:29,0,SMS,110577301591254,404300369996181,Airtel,KA-HUB-01,Hubballi Old Town,15.3647,75.124
132,7390191020,8880249092,2024-08-19,14:19:06,68,Voice,329613360780440,404308921062712,BSNL,KA-MYS-01,Mysuru Chamundipuram,12.3051,76.6552
133,7390191020,9713477023,2024-08-19,16:40:45,204,Voice,329613360780440,404308921062712,BSNL,KA-MYS-01,Mysuru Chamundipuram,12.3051,76.6552
134,7951412931,8296683265,2024-08-22,04:41:41,375,Voice,691211069254519,404705111757692,Vi,KA-MYS-01,Mysuru Chamundipuram,12.3051,76.6552
135,9270943934,6105385779,2024-08-23,10:12:18,0,SMS,475805635108458,404100333937316,Airtel,KA-BLR-02,Bengaluru Whitefield,12.9698,77.7499
136,7951412931,6362282240,2024-08-24,07:44:59,0,SMS,691211069254519,404705111757692,Vi,KA-HUB-01,Hubballi Old Town,15.3647,75.124
137,6347167962,7951412931,2024-08-24,22:48:20,0,SMS,196957950750466,404709617954646,Vi,KA-BLR-02,Bengaluru Whitefield,12.9698,77.7499
138,7951412931,6347167962,2024-08-25,05:06:43,1612,Data,691211069254519,404705111757692,Vi,KA-HUB-01,Hubballi Old Town,15.3647,75.124
139,6347167962,8296683265,2024-08-25,06:42:18,0,SMS,196957950750466,404709617954646,Vi,KA-HUB-01,Hubballi Old Town,15.3647,75.124
140,6219017283,6105385779,2024-08-26,16:10:56,751,Voice,110577301591254,404300369996181,Airtel,KA-BLR-01,Bengaluru Koramangala,12.9352,77.6245
141,6347167962,9270943934,2024-08-26,18:52:30,3457,Data,196957950750466,404709617954646,Vi,KA-HUB-01,Hubballi Old Town,15.3647,75.124
142,6219017283,9418057283,2024-08-28,11:05:11,841,Voice,110577301591254,404300369996181,Airtel,KA-BLR-01,Bengaluru Koramangala,12.9352,77.6245
143,7390191020,9418057283,2024-08-28,11:07:54,704,Voice,329613360780440,404308921062712,BSNL,KA-BLR-02,Bengaluru Whitefield,12.9698,77.7499
144,9270943934,9418057283,2024-08-28,12:45:45,0,SMS,475805635108458,404100333937316,Airtel,KA-BLR-02,Bengaluru Whitefield,12.9698,77.7499
145,6347167962,9713477023,2024-08-28,18:51:15,229,Voice,196957950750466,404709617954646,Vi,KA-BLR-02,Bengaluru Whitefield,12.9698,77.7499
146,6219017283,6362282240,2024-08-29,02:56:47,0,SMS,110577301591254,404300369996181,Airtel,KA-HUB-01,Hubballi Old Town,15.3647,75.124
147,6347167962,8296683265,2024-08-29,03:55:22,478,Voice,196957950750466,404709617954646,Vi,KA-MYS-01,Mysuru Chamundipuram,12.3051,76.6552
148,6362282240,8880249092,2024-08-29,09:42:04,0,SMS,768615853100468,404207798954381,Airtel,KA-MYS-01,Mysuru Chamundipuram,12.3051,76.6552
149,7390191020,8296683265,2024-08-29,12:04:46,269,Voice,329613360780440,404308921062712,BSNL,KA-BLR-02,Bengaluru Whitefield,12.9698,77.7499
150,6219017283,7390191020,2024-08-30,18:56:44,90,Data,110577301591254,404300369996181,Airtel,KA-MYS-01,Mysuru Chamundipuram,12.3051,76.6552
151,7951412931,9713477023,2024-08-30,21:41:00,255,Voice,691211069254519,404705111757692,Vi,KA-MYS-01,Mysuru Chamundipuram,12.3051,76.6552
152,6219017283,7416618862,2024-08-31,00:51:48,667,Voice,110577301591254,404300369996181,Airtel,KA-BLR-02,Bengaluru Whitefield,12.9698,77.7499
153,6362282240,9713477023,2024-08-31,02:10:55,286,Data,768615853100468,404207798954381,Airtel,KA-HUB-01,Hubballi Old Town,15.3647,75.124
154,6219017283,7390191020,2024-08-31,13:10:44,622,Voice,110577301591254,404300369996181,Airtel,KA-BLR-02,Bengaluru Whitefield,12.9698,77.7499
155,6219017283,9713477023,2024-08-31,21:29:09,0,SMS,110577301591254,404300369996181,Airtel,KA-MYS-01,Mysuru Chamundipuram,12.3051,76.6552
156,7951412931,6105385779,2024-09-01,07:09:38,358,Voice,691211069254519,404705111757692,Vi,KA-BLR-02,Bengaluru Whitefield,12.9698,77.7499
157,9270943934,7416618862,2024-09-02,13:48:52,886,Voice,475805635108458,404100333937316,Airtel,KA-BLR-01,Bengaluru Koramangala,12.9352,77.6245
158,9270943934,6347167962,2024-09-03,07:07:55,0,SMS,475805635108458,404100333937316,Airtel,KA-BLR-02,Bengaluru Whitefield,12.9698,77.7499
159,6219017283,6105385779,2024-09-03,09:40:09,1636,Data,110577301591254,404300369996181,Airtel,KA-BLR-02,Bengaluru Whitefield,12.9698,77.7499
160,6219017283,7390191020,2024-09-03,14:05:13,661,Voice,110577301591254,404300369996181,Airtel,KA-HUB-01,Hubballi Old Town,15.3647,75.124
161,7390191020,8880249092,2024-09-03,23:33:59,490,Voice,329613360780440,404308921062712,BSNL,KA-MYS-01,Mysuru Chamundipuram,12.3051,76.6552
162,6347167962,9270943934,2024-09-04,10:14:55,420,Voice,196957950750466,404709617954646,Vi,KA-BLR-01,Bengaluru Koramangala,12.9352,77.6245
163,6347167962,7390191020,2024-09-05,16:04:54,227,Voice,196957950750466,404709617954646,Vi,KA-BLR-02,Bengaluru Whitefield,12.9698,77.7499
164,6219017283,6347167962,2024-09-06,02:23:38,0,SMS,110577301591254,404300369996181,Airtel,KA-MYS-01,Mysuru Chamundipuram,12.3051,76.6552
165,6219017283,7951412931,2024-09-06,02:30:07,1644,Data,110577301591254,404300369996181,Airtel,KA-HUB-01,Hubballi Old Town,15.3647,75.124
166,7390191020,9270943934,2024-09-06,02:55:01,0,SMS,329613360780440,404308921062712,BSNL,KA-BLR-02,Bengaluru Whitefield,12.9698,77.7499
167,9270943934,9418057283,2024-09-06,20:58:20,28,Voice,475805635108458,404100333937316,Airtel,KA-HUB-01,Hubballi Old Town,15.3647,75.124
168,6219017283,8296683265,2024-09-08,00:27:10,0,SMS,110577301591254,404300369996181,Airtel,KA-HUB-01,Hubballi Old Town,15.3647,75.124
169,7390191020,6347167962,2024-09-08,14:56:01,0,SMS,329613360780440,404308921062712,BSNL,KA-BLR-01,Bengaluru Koramangala,12.9352,77.6245
170,6219017283,9418057283,2024-09-09,18:10:54,0,SMS,110577301591254,404300369996181,Airtel,KA-BLR-01,Bengaluru Koramangala,12.9352,77.6245
171,7390191020,6347167962,2024-09-11,23:48:54,0,SMS,329613360780440,404308921062712,BSNL,KA-MYS-01,Mysuru Chamundipuram,12.3051,76.6552
172,6219017283,8296683265,2024-09-12,07:03:21,619,Voice,110577301591254,404300369996181,Airtel,KA-BLR-01,Bengaluru Koramangala,12.9352,77.6245
173,9270943934,8296683265,2024-09-12,13:13:20,460,Voice,475805635108458,404100333937316,Airtel,KA-BLR-01,Bengaluru Koramangala,12.9352,77.6245
174,9270943934,7951412931,2024-09-12,15:21:54,182,Voice,475805635108458,404100333937316,Airtel,KA-HUB-01,Hubballi Old Town,15.3647,75.124
175,6362282240,8880249092,2024-09-12,18:02:22,539,Voice,768615853100468,404207798954381,Airtel,KA-HUB-01,Hubballi Old Town,15.3647,75.124
176,7390191020,6105385779,2024-09-14,11:30:56,0,SMS,329613360780440,404308921062712,BSNL,KA-BLR-02,Bengaluru Whitefield,12.9698,77.7499
177,9270943934,6105385779,2024-09-14,15:32:15,699,Voice,475805635108458,404100333937316,Airtel,KA-BLR-02,Bengaluru Whitefield,12.9698,77.7499
178,9270943934,7416618862,2024-09-16,00:34:46,116,Voice,475805635108458,404100333937316,Airtel,KA-BLR-02,Bengaluru Whitefield,12.9698,77.7499
179,7951412931,6347167962,2024-09-16,02:16:38,0,SMS,691211069254519,404705111757692,Vi,KA-BLR-02,Bengaluru Whitefield,12.9698,77.7499
180,6347167962,6362282240,2024-09-17,11:51:12,2278,Data,196957950750466,404709617954646,Vi,KA-MYS-01,Mysuru Chamundipuram,12.3051,76.6552
181,7390191020,6219017283,2024-09-18,14:09:03,266,Voice,329613360780440,404308921062712,BSNL,KA-HUB-01,Hubballi Old Town,15.3647,75.124
182,6347167962,8880249092,2024-09-18,14:14:36,0,SMS,196957950750466,404709617954646,Vi,KA-HUB-01,Hubballi Old Town,15.3647,75.124
183,6347167962,7951412931,2024-09-18,17:57:07,579,Voice,196957950750466,404709617954646,Vi,KA-BLR-01,Bengaluru Koramangala,12.9352,77.6245
184,6362282240,6347167962,2024-09-19,09:21:31,0,SMS,768615853100468,404207798954381,Airtel,KA-MYS-01,Mysuru Chamundipuram,12.3051,76.6552
185,6219017283,7390191020,2024-09-19,22:29:59,0,SMS,110577301591254,404300369996181,Airtel,KA-BLR-01,Bengaluru Koramangala,12.9352,77.6245
186,7951412931,9713477023,2024-09-21,14:07:41,158,Voice,691211069254519,404705111757692,Vi,KA-BLR-01,Bengaluru Koramangala,12.9352,77.6245
187,6362282240,7951412931,2024-09-21,15:58:52,116,Voice,768615853100468,404207798954381,Airtel,KA-HUB-01,Hubballi Old Town,15.3647,75.124
188,7951412931,6347167962,2024-09-23,04:06:43,102,Voice,691211069254519,404705111757692,Vi,KA-BLR-02,Bengaluru Whitefield,12.9698,77.7499
189,7390191020,7416618862,2024-09-23,11:53:44,1135,Data,329613360780440,404308921062712,BSNL,KA-HUB-01,Hubballi Old Town,15.3647,75.124
190,7951412931,7416618862,2024-09-23,18:46:51,148,Voice,691211069254519,404705111757692,Vi,KA-MYS-01,Mysuru Chamundipuram,12.3051,76.6552
191,7390191020,8296683265,2024-09-23,21:56:39,117,Data,329613360780440,404308921062712,BSNL,KA-BLR-01,Bengaluru Koramangala,12.9352,77.6245
192,7951412931,7390191020,2024-09-25,01:42:04,872,Voice,691211069254519,404705111757692,Vi,KA-MYS-01,Mysuru Chamundipuram,12.3051,76.6552
193,6347167962,9270943934,2024-09-25,04:44:30,865,Voice,196957950750466,404709617954646,Vi,KA-BLR-01,Bengaluru Koramangala,12.9352,77.6245
194,7951412931,6219017283,2024-09-25,15:09:18,683,Voice,691211069254519,404705111757692,Vi,KA-HUB-01,Hubballi Old Town,15.3647,75.124
195,6347167962,8880249092,2024-09-25,16:58:04,2193,Data,196957950750466,404709617954646,Vi,KA-MYS-01,Mysuru Chamundipuram,12.3051,76.6552
196,7951412931,9713477023,2024-09-25,22:50:44,2277,Data,691211069254519,404705111757692,Vi,KA-BLR-02,Bengaluru Whitefield,12.9698,77.7499
197,7951412931,9270943934,2024-09-26,18:05:25,771,Voice,691211069254519,404705111757692,Vi,KA-BLR-01,Bengaluru Koramangala,12.9352,77.6245
198,6219017283,6347167962,2024-09-27,23:47:51,0,SMS,110577301591254,404300369996181,Airtel,KA-BLR-02,Bengaluru Whitefield,12.9698,77.7499
199,7951412931,9713477023,2024-09-28,14:08:42,0,SMS,691211069254519,404705111757692,Vi,KA-MYS-01,Mysuru Chamundipuram,12.3051,76.6552
200,6362282240,6105385779,2024-09-28,14:39:37,1814,Data,768615853100468,404207798954381,Airtel,KA-MYS-01,Mysuru Chamundipuram,12.3051,76.6552
